{
  "name": "WebpageTelemetry",
  "description": "Grab some telemetry data and put them in a simple webpage that can be used as and overlay in OBS for live streaming/recording. ",
  "dll_file": "WebpageTelemetry.dll",
  "last_edit": 637864016823346859,
  "pub_id": "",
  "json_version": "",
  "version": "1.25",
  "tagline": "Telemetry overlay for streaming/recording",
  "repository": "https://github.com/averaldofh/vtolvr_webpagetelemetry",
  "is_public": true,
  "unlisted": false,
  "preview_image": "preview.png",
  "web_preview_image": "preview.png",
  "dependencies": [
    "HtmlAgilityPack.dll"
  ],
  "mod_dependencies": null,
  "ContentType": 3
}